Date,Article_title,Stock_symbol,Url,Publisher,scraped_text
2020-06-05 06:30:54 UTC,Stocks That Hit 52-Week Highs On Friday,A,https://www.benzinga.com/news/20/06/16190091/stocks-that-hit-52-week-highs-on-friday,Benzinga Insights,"During Friday's morning session, 115 companies made new 52-week highs.

Noteworthy Mentions:

Apple (NASDAQ:AAPL) was the biggest firm by market cap to hit a new 52-week high.

was the biggest firm by market cap to hit a new 52-week high. Energy Focus (NASDAQ:EFOI) was the smallest company when considering market cap to set a new 52-week high

was the smallest company when considering market cap to set a new 52-week high Dynagas LNG Partners (NYSE:DLNG) saw the most pronounced positive move, as it traded up 22.16% to hit its new 52-week high.

During the first half-hour of trading on Friday, the following stocks broke to new 52-week highs:

Apple (NASDAQ:AAPL) shares hit a yearly high of $328.00. The stock traded up 1.09% on the session.

shares hit a yearly high of $328.00. The stock traded up 1.09% on the session. Home Depot (NYSE:HD) stock set a new 52-week high of $253.72 Friday morning. Over the session, the stock traded up 1.59%.

stock set a new 52-week high of $253.72 Friday morning. Over the session, the stock traded up 1.59%. ASML Holding (NASDAQ:ASML) shares were up 2.07% on Friday morning to hit a new 52-week high of $363.60.

shares were up 2.07% on Friday morning to hit a new 52-week high of $363.60. Danaher (NYSE:DHR) stock hit a yearly high price of $172.40. The stock was up 1.59% for the day.

stock hit a yearly high price of $172.40. The stock was up 1.59% for the day. Raytheon Technologies (NYSE:RTX) shares hit a new 52-week high of $72.97. The stock traded up 6.49% on the session.

shares hit a new 52-week high of $72.97. The stock traded up 6.49% on the session. JD.com (NASDAQ:JD) shares hit a new 52-week high of $59.20. The stock traded up 2.9% on the session.

shares hit a new 52-week high of $59.20. The stock traded up 2.9% on the session. Ecolab (NYSE:ECL) shares reached a new 52-week high of $228.26 on Friday morning, moving up 2.55%.

shares reached a new 52-week high of $228.26 on Friday morning, moving up 2.55%. Autodesk (NASDAQ:ADSK) stock made a new 52-week high of $231.26 Friday. The stock was up 2.08% for the day.

stock made a new 52-week high of $231.26 Friday. The stock was up 2.08% for the day. Pinduoduo (NASDAQ:PDD) shares reached a new 52-week high of $73.00 on Friday morning, moving up 9.01%.

shares reached a new 52-week high of $73.00 on Friday morning, moving up 9.01%. Analog Devices (NASDAQ:ADI) shares were up 3.14% on Friday to hit a new 52-week high of $127.39 for a change of up 3.14%.

shares were up 3.14% on Friday to hit a new 52-week high of $127.39 for a change of up 3.14%. Roper Technologies (NYSE:ROP) shares were up 0.73% on Friday morning to hit a new 52-week high of $409.24.

shares were up 0.73% on Friday morning to hit a new 52-week high of $409.24. TAL Education (NYSE:TAL) shares were up 3.13% on Friday morning to hit a new 52-week high of $65.76.

shares were up 3.13% on Friday morning to hit a new 52-week high of $65.76. Chunghwa Telecom (NYSE:CHT) shares were up 0.69% on Friday to hit a new 52-week high of $38.15 for a change of up 0.69%.

shares were up 0.69% on Friday to hit a new 52-week high of $38.15 for a change of up 0.69%. Agilent Technologies (NYSE:A) shares broke to a new 52-week high of $92.93 on Friday. Shares of the company traded up 0.93%.

shares broke to a new 52-week high of $92.93 on Friday. Shares of the company traded up 0.93%. Sea (NYSE:SE) shares set a new 52-week high of $88.37 on Friday, moving up 2.24%.

shares set a new 52-week high of $88.37 on Friday, moving up 2.24%. KLA (NASDAQ:KLAC) stock on Friday broke to a yearly high of $196.15. Shares traded up 4.02%.

stock on Friday broke to a yearly high of $196.15. Shares traded up 4.02%. Fresenius Medical Care (NYSE:FMS) shares achieved a new 52-week high on Friday morning, hitting $44.30 with a daily change of up 1.55%.

shares achieved a new 52-week high on Friday morning, hitting $44.30 with a daily change of up 1.55%. Otis Worldwide (NYSE:OTIS) stock on Friday broke to a yearly high of $57.98. Shares traded up 1.83%.

stock on Friday broke to a yearly high of $57.98. Shares traded up 1.83%. AmerisourceBergen (NYSE:ABC) shares hit $102.20 on Friday morning, setting a new 52-week high for a change of up 2.39%.

shares hit $102.20 on Friday morning, setting a new 52-week high for a change of up 2.39%. First Republic Bank (NYSE:FRC) shares reached a new 52-week high of $124.78 on Friday morning, moving up 3.25%.

shares reached a new 52-week high of $124.78 on Friday morning, moving up 3.25%. Rockwell Automation (NYSE:ROK) shares were up 3.21% for the day, having made a 52-week high of $230.54.

shares were up 3.21% for the day, having made a 52-week high of $230.54. Skyworks Solutions (NASDAQ:SWKS) shares hit $133.97 on Friday morning, setting a new 52-week high for a change of up 3.93%.

shares hit $133.97 on Friday morning, setting a new 52-week high for a change of up 3.93%. Carrier Global (NYSE:CARR) shares hit a yearly high of $24.36. The stock traded up 5.55% on the session.

shares hit a yearly high of $24.36. The stock traded up 5.55% on the session. Equifax (NYSE:EFX) shares achieved a new 52-week high on Friday morning, hitting $179.65 with a daily change of up 1.01%.

shares achieved a new 52-week high on Friday morning, hitting $179.65 with a daily change of up 1.01%. PerkinElmer (NYSE:PKI) shares set a new yearly high of $104.95 this morning. The stock was up 1.63% on the session.

shares set a new yearly high of $104.95 this morning. The stock was up 1.63% on the session. Ceridian HCM Holding (NYSE:CDAY) shares hit a new 52-week high of $79.93. The stock traded up 6.31% on the session.

shares hit a new 52-week high of $79.93. The stock traded up 6.31% on the session. FactSet Research Systems (NYSE:FDS) shares hit a yearly high of $317.66. The stock traded up 0.85% on the session.

shares hit a yearly high of $317.66. The stock traded up 0.85% on the session. Apollo Global Management (NYSE:APO) shares set a new yearly high of $53.82 this morning. The stock was up 4.29% on the session.

shares set a new yearly high of $53.82 this morning. The stock was up 4.29% on the session. Nordson (NASDAQ:NDSN) shares were up 3.56% on Friday morning to hit a new 52-week high of $199.15.

shares were up 3.56% on Friday morning to hit a new 52-week high of $199.15. Monolithic Power Systems (NASDAQ:MPWR) shares were up 3.3% on Friday morning to hit a new 52-week high of $238.27.

shares were up 3.3% on Friday morning to hit a new 52-week high of $238.27. RPM International (NYSE:RPM) shares hit a new 52-week high of $79.59. The stock traded up 1.77% on the session.

shares hit a new 52-week high of $79.59. The stock traded up 1.77% on the session. IPG Photonics (NASDAQ:IPGP) shares hit a new 52-week high of $168.48. The stock traded up 3.98% on the session.

shares hit a new 52-week high of $168.48. The stock traded up 3.98% on the session. Reynolds Consumer (NASDAQ:REYN) shares achieved a new 52-week high on Friday morning, hitting $35.99 with a daily change of up 4.24%.

shares achieved a new 52-week high on Friday morning, hitting $35.99 with a daily change of up 4.24%. Entegris (NASDAQ:ENTG) stock made a new 52-week high of $64.50 Friday. The stock was up 3.02% for the day.

stock made a new 52-week high of $64.50 Friday. The stock was up 3.02% for the day. Howmet Aerospace (NYSE:HWM) shares hit $17.25 on Friday morning, setting a new 52-week high for a change of up 7.53%.

shares hit $17.25 on Friday morning, setting a new 52-week high for a change of up 7.53%. New York Times (NYSE:NYT) shares were up 1.99% on Friday morning to hit a new 52-week high of $41.61.

shares were up 1.99% on Friday morning to hit a new 52-week high of $41.61. Deckers Outdoor (NYSE:DECK) stock set a new 52-week high of $218.19 Friday morning. Over the session, the stock traded up 3.23%.

stock set a new 52-week high of $218.19 Friday morning. Over the session, the stock traded up 3.23%. Clearway Energy (NYSE:CWEN) shares were up 1.92% for the day, having made a 52-week high of $23.58.

shares were up 1.92% for the day, having made a 52-week high of $23.58. Thor Industries (NYSE:THO) shares set a new 52-week high of $103.99 on Friday, moving down 1.07%.

shares set a new 52-week high of $103.99 on Friday, moving down 1.07%. Descartes Systems Gr (NASDAQ:DSGX) shares reached a new 52-week high of $50.07 on Friday morning, moving up 1.67%.

shares reached a new 52-week high of $50.07 on Friday morning, moving up 1.67%. Brunswick (NYSE:BC) stock hit a yearly high price of $67.33. The stock was up 2.06% for the day.

stock hit a yearly high price of $67.33. The stock was up 2.06% for the day. AppFolio (NASDAQ:APPF) shares set a new 52-week high of $177.50 on Friday, moving up 3.67%.

shares set a new 52-week high of $177.50 on Friday, moving up 3.67%. Vertiv Holdings (NYSE:VRT) shares set a new 52-week high of $14.42 on Friday, moving up 3.82%.

shares set a new 52-week high of $14.42 on Friday, moving up 3.82%. Simpson Manufacturing Co (NYSE:SSD) shares hit $93.49 on Friday morning, setting a new 52-week high for a change of up 4.9%.

shares hit $93.49 on Friday morning, setting a new 52-week high for a change of up 4.9%. TopBuild (NYSE:BLD) shares hit a yearly high of $128.51. The stock traded up 5.04% on the session.

shares hit a yearly high of $128.51. The stock traded up 5.04% on the session. II-VI (NASDAQ:IIVI) stock set a new 52-week high of $50.38 Friday morning. Over the session, the stock traded up 3.69%.

stock set a new 52-week high of $50.38 Friday morning. Over the session, the stock traded up 3.69%. Power Integrations (NASDAQ:POWI) stock hit a yearly high price of $120.52. The stock was up 3.28% for the day.

stock hit a yearly high price of $120.52. The stock was up 3.28% for the day. Lattice Semiconductor (NASDAQ:LSCC) stock hit a yearly high price of $28.26. The stock was up 2.81% for the day.

stock hit a yearly high price of $28.26. The stock was up 2.81% for the day. Biohaven Pharmaceutical (NYSE:BHVN) shares broke to $69.54 on Friday, setting a new 52-week high with a change of up 2.61%.

shares broke to $69.54 on Friday, setting a new 52-week high with a change of up 2.61%. Kinsale Capital Group (NASDAQ:KNSL) shares broke to a new 52-week high of $159.98 on Friday. Shares of the company traded up 2.79%.

shares broke to a new 52-week high of $159.98 on Friday. Shares of the company traded up 2.79%. Saia (NASDAQ:SAIA) stock made a new 52-week high of $119.29 Friday. The stock was up 2.36% for the day.

stock made a new 52-week high of $119.29 Friday. The stock was up 2.36% for the day. Alarm.com Holdings (NASDAQ:ALRM) stock on Friday broke to a yearly high of $57.46. Shares traded up 2.66%.

stock on Friday broke to a yearly high of $57.46. Shares traded up 2.66%. LCI Indus (NYSE:LCII) shares were up 5.2% for the day, having made a 52-week high of $116.70.

shares were up 5.2% for the day, having made a 52-week high of $116.70. Penn National Gaming (NASDAQ:PENN) shares hit a new 52-week high of $40.14. The stock traded up 2.44% on the session.

shares hit a new 52-week high of $40.14. The stock traded up 2.44% on the session. Redfin (NASDAQ:RDFN) stock set a new 52-week high of $37.24 Friday morning. Over the session, the stock traded up 7.92%.

stock set a new 52-week high of $37.24 Friday morning. Over the session, the stock traded up 7.92%. MACOM Technology (NASDAQ:MTSI) shares were up 3.18% for the day, having made a 52-week high of $34.66.

shares were up 3.18% for the day, having made a 52-week high of $34.66. Goosehead Insurance (NASDAQ:GSHD) shares hit a new 52-week high of $72.75. The stock traded up 4.83% on the session.

shares hit a new 52-week high of $72.75. The stock traded up 4.83% on the session. Acushnet Holdings (NYSE:GOLF) shares hit $37.12 on Friday morning, setting a new 52-week high for a change of up 2.47%.

shares hit $37.12 on Friday morning, setting a new 52-week high for a change of up 2.47%. Fox Factory Hldg (NASDAQ:FOXF) shares set a new yearly high of $87.98 this morning. The stock was up 8.47% on the session.

shares set a new yearly high of $87.98 this morning. The stock was up 8.47% on the session. PJT Partners (NYSE:PJT) shares set a new 52-week high of $57.87 on Friday, moving up 2.87%.

shares set a new 52-week high of $57.87 on Friday, moving up 2.87%. Staar Surgical (NASDAQ:STAA) stock on Friday broke to a yearly high of $44.87. Shares traded up 2.85%.

stock on Friday broke to a yearly high of $44.87. Shares traded up 2.85%. APi Gr (NYSE:APG) stock on Friday broke to a yearly high of $13.00. Shares traded up 1.17%.

stock on Friday broke to a yearly high of $13.00. Shares traded up 1.17%. Ligand Pharmaceuticals (NASDAQ:LGND) shares were up 2.86% on Friday to hit a new 52-week high of $124.97 for a change of up 2.86%.

shares were up 2.86% on Friday to hit a new 52-week high of $124.97 for a change of up 2.86%. Winnebago Industries (NYSE:WGO) stock set a new 52-week high of $65.80 Friday morning. Over the session, the stock traded up 2.02%.

stock set a new 52-week high of $65.80 Friday morning. Over the session, the stock traded up 2.02%. Palomar Hldgs (NASDAQ:PLMR) shares were up 4.65% for the day, having made a 52-week high of $87.07.

shares were up 4.65% for the day, having made a 52-week high of $87.07. AeroVironment (NASDAQ:AVAV) stock set a new 52-week high of $79.37 Friday morning. Over the session, the stock traded up 2.2%.

stock set a new 52-week high of $79.37 Friday morning. Over the session, the stock traded up 2.2%. Formula Systems (1985) (NASDAQ:FORTY) shares reached a new 52-week high of $81.06 on Friday morning, moving up 1.58%.

shares reached a new 52-week high of $81.06 on Friday morning, moving up 1.58%. Office Depot (NASDAQ:ODP) shares set a new yearly high of $2.88 this morning. The stock was up 5.76% on the session.

shares set a new yearly high of $2.88 this morning. The stock was up 5.76% on the session. Astec Industries (NASDAQ:ASTE) shares hit a yearly high of $47.48. The stock traded up 3.82% on the session.

shares hit a yearly high of $47.48. The stock traded up 3.82% on the session. Atlas Air Worldwide Hldgs (NASDAQ:AAWW) shares broke to a new 52-week high of $47.70 on Friday. Shares of the company traded up 0.39%.

shares broke to a new 52-week high of $47.70 on Friday. Shares of the company traded up 0.39%. Sprout Social (NASDAQ:SPT) shares were up 2.36% on Friday morning to hit a new 52-week high of $32.24.

shares were up 2.36% on Friday morning to hit a new 52-week high of $32.24. Freedom Holding (NASDAQ:FRHC) stock set a new 52-week high of $18.50 Friday morning. Over the session, the stock traded up 3.56%.

stock set a new 52-week high of $18.50 Friday morning. Over the session, the stock traded up 3.56%. Camping World Holdings (NYSE:CWH) stock set a new 52-week high of $24.89 Friday morning. Over the session, the stock traded up 1.59%.

stock set a new 52-week high of $24.89 Friday morning. Over the session, the stock traded up 1.59%. BlackRock Science (NYSE:BST) stock on Friday broke to a yearly high of $36.74. Shares traded up 0.86%.

stock on Friday broke to a yearly high of $36.74. Shares traded up 0.86%. INTL FCStone (NASDAQ:INTL) shares set a new yearly high of $55.17 this morning. The stock was up 3.94% on the session.

shares set a new yearly high of $55.17 this morning. The stock was up 3.94% on the session. ChampionX (NYSE:CHX) shares hit a yearly high of $12.53. The stock traded up 9.15% on the session.

shares hit a yearly high of $12.53. The stock traded up 9.15% on the session. Malibu Boats (NASDAQ:MBUU) shares hit $56.80 on Friday morning, setting a new 52-week high for a change of up 0.37%.

shares hit $56.80 on Friday morning, setting a new 52-week high for a change of up 0.37%. Replimune Group (NASDAQ:REPL) shares hit a new 52-week high of $24.00. The stock traded down 1.4% on the session.

shares hit a new 52-week high of $24.00. The stock traded down 1.4% on the session. CEVA (NASDAQ:CEVA) stock hit a yearly high price of $37.95. The stock was up 2.21% for the day.

stock hit a yearly high price of $37.95. The stock was up 2.21% for the day. Calix (NYSE:CALX) shares broke to $14.90 on Friday, setting a new 52-week high with a change of up 4.18%.

shares broke to $14.90 on Friday, setting a new 52-week high with a change of up 4.18%. Niu Technologies (NASDAQ:NIU) shares set a new yearly high of $12.38 this morning. The stock was up 3.46% on the session.

shares set a new yearly high of $12.38 this morning. The stock was up 3.46% on the session. eXp World Holdings (NASDAQ:EXPI) shares broke to $12.26 on Friday, setting a new 52-week high with a change of down 0.46%.

shares broke to $12.26 on Friday, setting a new 52-week high with a change of down 0.46%. nLight (NASDAQ:LASR) shares broke to $26.48 on Friday, setting a new 52-week high with a change of up 7.29%.

shares broke to $26.48 on Friday, setting a new 52-week high with a change of up 7.29%. Collier Creek Hldgs (NYSE:CCH) stock set a new 52-week high of $12.41 Friday morning. Over the session, the stock traded up 11.55%.

stock set a new 52-week high of $12.41 Friday morning. Over the session, the stock traded up 11.55%. Digital Turbine (NASDAQ:APPS) shares hit a yearly high of $9.41. The stock traded up 3.24% on the session.

shares hit a yearly high of $9.41. The stock traded up 3.24% on the session. American Software (NASDAQ:AMSWA) shares hit a new 52-week high of $21.38. The stock traded up 1.44% on the session.

shares hit a new 52-week high of $21.38. The stock traded up 1.44% on the session. FutureFuel (NYSE:FF) stock hit a yearly high price of $14.45. The stock was up 3.01% for the day.

stock hit a yearly high price of $14.45. The stock was up 3.01% for the day. Vapotherm (NYSE:VAPO) shares reached a new 52-week high of $31.80 on Friday morning, moving up 3.58%.

shares reached a new 52-week high of $31.80 on Friday morning, moving up 3.58%. Clearwater Paper (NYSE:CLW) stock on Friday broke to a yearly high of $33.63. Shares traded up 0.58%.

stock on Friday broke to a yearly high of $33.63. Shares traded up 0.58%. Resources Connection (NASDAQ:RGP) stock set a new 52-week high of $12.26 Friday morning. Over the session, the stock traded up 3.65%.

stock set a new 52-week high of $12.26 Friday morning. Over the session, the stock traded up 3.65%. Tekla World Healthcare (NYSE:THW) shares broke to a new 52-week high of $14.73 on Friday. Shares of the company traded up 1.1%.

shares broke to a new 52-week high of $14.73 on Friday. Shares of the company traded up 1.1%. Farmland Partners (NYSE:FPI) shares broke to $7.47 on Friday, setting a new 52-week high with a change of up 0.27%.

shares broke to $7.47 on Friday, setting a new 52-week high with a change of up 0.27%. Gladstone Land (NASDAQ:LAND) shares were up 2.37% on Friday morning to hit a new 52-week high of $15.67.

shares were up 2.37% on Friday morning to hit a new 52-week high of $15.67. Sportsman's Warehouse (NASDAQ:SPWH) stock on Friday broke to a yearly high of $13.74. Shares traded up 7.96%.

stock on Friday broke to a yearly high of $13.74. Shares traded up 7.96%. Aeglea BioTherapeutics (NASDAQ:AGLE) shares were up 4.03% on Friday to hit a new 52-week high of $9.65 for a change of up 4.03%.

shares were up 4.03% on Friday to hit a new 52-week high of $9.65 for a change of up 4.03%. Tuscan Holdings (NASDAQ:THCA) shares hit a new 52-week high of $10.31.

shares hit a new 52-week high of $10.31. ARYA Sciences Acquisition (NASDAQ:ARYA) shares were up 3.54% on Friday morning to hit a new 52-week high of $14.50.

shares were up 3.54% on Friday morning to hit a new 52-week high of $14.50. Mastech Digital (AMEX:MHH) shares were up 5.9% on Friday to hit a new 52-week high of $21.08 for a change of up 5.9%.

shares were up 5.9% on Friday to hit a new 52-week high of $21.08 for a change of up 5.9%. OneWater Marine (NASDAQ:ONEW) shares broke to $19.39 on Friday, setting a new 52-week high with a change of up 3.92%.

shares broke to $19.39 on Friday, setting a new 52-week high with a change of up 3.92%. Tortoise Midstream Energy (NYSE:NTG) shares reached a new 52-week high of $23.22 on Friday morning, moving up 6.15%.

shares reached a new 52-week high of $23.22 on Friday morning, moving up 6.15%. Fennec Pharmaceuticals (NASDAQ:FENC) shares hit $8.65 on Friday morning, setting a new 52-week high for a change of up 10.56%.

shares hit $8.65 on Friday morning, setting a new 52-week high for a change of up 10.56%. Acacia Research (NASDAQ:ACTG) shares hit a yearly high of $3.70. The stock traded up 4.08% on the session.

shares hit a yearly high of $3.70. The stock traded up 4.08% on the session. Nabors Industries (NYSE:NBR) shares set a new 52-week high of $53.53 on Friday, moving up 20.17%.

shares set a new 52-week high of $53.53 on Friday, moving up 20.17%. THL Credit Senior Loan (NYSE:FSLF) shares set a new yearly high of $12.71 this morning. The stock was up 1.48% on the session.

shares set a new yearly high of $12.71 this morning. The stock was up 1.48% on the session. Atomera (NASDAQ:ATOM) shares were up 4.17% for the day, having made a 52-week high of $9.84.

shares were up 4.17% for the day, having made a 52-week high of $9.84. Goldfield (AMEX:GV) shares were up 2.28% for the day, having made a 52-week high of $4.15.

shares were up 2.28% for the day, having made a 52-week high of $4.15. MTBC (NASDAQ:MTBC) shares were up 2.04% for the day, having made a 52-week high of $7.79.

shares were up 2.04% for the day, having made a 52-week high of $7.79. Wayside Technology Group (NASDAQ:WSTG) shares reached a new 52-week high of $24.50 on Friday morning, moving up 0.97%.

shares reached a new 52-week high of $24.50 on Friday morning, moving up 0.97%. Dynagas LNG Partners (NYSE:DLNG) stock set a new 52-week high of $2.63 Friday morning. Over the session, the stock traded up 22.16%.

stock set a new 52-week high of $2.63 Friday morning. Over the session, the stock traded up 22.16%. FTS International (AMEX:FTSI) shares broke to $8.96 on Friday, setting a new 52-week high with a change of up 14.46%.

shares broke to $8.96 on Friday, setting a new 52-week high with a change of up 14.46%. Tortoise Pipeline (NYSE:TTP) shares hit a yearly high of $18.66. The stock traded up 4.29% on the session.

shares hit a yearly high of $18.66. The stock traded up 4.29% on the session. US Global Investors (NASDAQ:GROW) shares hit a new 52-week high of $2.96. The stock traded up 9.85% on the session.

shares hit a new 52-week high of $2.96. The stock traded up 9.85% on the session. Tortoise Energy (NYSE:NDP) shares broke to $13.85 on Friday, setting a new 52-week high with a change of up 6.34%.

shares broke to $13.85 on Friday, setting a new 52-week high with a change of up 6.34%. Ekso Bionics Holdings (NASDAQ:EKSO) shares set a new yearly high of $5.24 this morning. The stock was down 1.07% on the session.

shares set a new yearly high of $5.24 this morning. The stock was down 1.07% on the session. Energy Focus (NASDAQ:EFOI) stock set a new 52-week high of $1.21 Friday morning. Over the session, the stock traded up 2.14%.



Benzinga will continue to keep market participants updated about these equities going forward. Stay tuned."
2020-06-03 06:45:20 UTC,Stocks That Hit 52-Week Highs On Wednesday,A,https://www.benzinga.com/news/20/06/16170189/stocks-that-hit-52-week-highs-on-wednesday,Benzinga Insights,"On Wednesday, 109 companies set new 52-week highs.

Noteables:

UnitedHealth Group (NYSE:UNH) was the largest firm on a market cap basis to set a new 52-week high.

was the largest firm on a market cap basis to set a new 52-week high. The smallest company in terms of market cap to set a new 52-week high was Sphere 3D (NASDAQ:ANY) .

. FSD Pharma (NASDAQ:HUGE)'s stock saw the most upside, trading up 222.58% to reach a new 52-week high

The following stocks set new 52-week highs during the first half-hour of trading on Wednesday:

UnitedHealth Group (NYSE:UNH) shares set a new 52-week high of $310.12 on Wednesday.

shares set a new 52-week high of $310.12 on Wednesday. PayPal Holdings (NASDAQ:PYPL) shares made a 52-week high of $158.27.

shares made a 52-week high of $158.27. Thermo Fisher Scientific (NYSE:TMO) stock set a new 52-week high of $352.59 Wednesday morning.

stock set a new 52-week high of $352.59 Wednesday morning. ASML Holding (NASDAQ:ASML) shares hit a new 52-week high of $345.84. The stock traded up 2.78% on the session.

shares hit a new 52-week high of $345.84. The stock traded up 2.78% on the session. American Tower (NYSE:AMT) shares hit $267.19 on Wednesday morning, setting a new 52-week high for a change of up 0.77%.

shares hit $267.19 on Wednesday morning, setting a new 52-week high for a change of up 0.77%. Lowe's Companies (NYSE:LOW) shares broke to a new 52-week high of $132.92 on Wednesday. Shares of the company traded up 0.53%.

shares broke to a new 52-week high of $132.92 on Wednesday. Shares of the company traded up 0.53%. JD.com (NASDAQ:JD) stock set a new 52-week high of $57.53 Wednesday morning. Over the session, the stock traded up 2.49%.

stock set a new 52-week high of $57.53 Wednesday morning. Over the session, the stock traded up 2.49%. S&P Global (NYSE:SPGI) shares were up 1.27% for the day, having made a 52-week high of $331.74.

shares were up 1.27% for the day, having made a 52-week high of $331.74. Crown Castle Intl (NYSE:CCI) shares were up 0.01% on Wednesday to hit a new 52-week high of $176.58 for a change of up 0.01%.

shares were up 0.01% on Wednesday to hit a new 52-week high of $176.58 for a change of up 0.01%. Ecolab (NYSE:ECL) stock on Wednesday broke to a yearly high of $221.46. Shares traded up 3.91%.

stock on Wednesday broke to a yearly high of $221.46. Shares traded up 3.91%. NetEase (NASDAQ:NTES) shares reached a new 52-week high of $423.00 on Wednesday morning, moving up 1.25%.

shares reached a new 52-week high of $423.00 on Wednesday morning, moving up 1.25%. Sherwin-Williams (NYSE:SHW) shares were up 0.33% on Wednesday morning to hit a new 52-week high of $600.01.

shares were up 0.33% on Wednesday morning to hit a new 52-week high of $600.01. MercadoLibre (NASDAQ:MELI) shares broke to a new 52-week high of $874.00 on Wednesday. Shares of the company traded up 1.04%.

shares broke to a new 52-week high of $874.00 on Wednesday. Shares of the company traded up 1.04%. Pinduoduo (NASDAQ:PDD) shares achieved a new 52-week high on Wednesday morning, hitting $69.99 with a daily change of up 2.99%.

shares achieved a new 52-week high on Wednesday morning, hitting $69.99 with a daily change of up 2.99%. Autodesk (NASDAQ:ADSK) shares reached a new 52-week high of $223.89 on Wednesday morning, moving up 1.71%.

shares reached a new 52-week high of $223.89 on Wednesday morning, moving up 1.71%. Zoom Video Communications (NASDAQ:ZM) stock set a new 52-week high of $220.90 Wednesday morning. Over the session, the stock traded up 5.06%.

stock set a new 52-week high of $220.90 Wednesday morning. Over the session, the stock traded up 5.06%. Roper Technologies (NYSE:ROP) stock made a new 52-week high of $400.20 Wednesday. The stock was up 0.52% for the day.

stock made a new 52-week high of $400.20 Wednesday. The stock was up 0.52% for the day. SBA Communications (NASDAQ:SBAC) shares broke to a new 52-week high of $323.02 on Wednesday. Shares of the company traded up 0.32%.

shares broke to a new 52-week high of $323.02 on Wednesday. Shares of the company traded up 0.32%. Splunk (NASDAQ:SPLK) shares were up 1.13% on Wednesday to hit a new 52-week high of $192.75 for a change of up 1.13%.

shares were up 1.13% on Wednesday to hit a new 52-week high of $192.75 for a change of up 1.13%. Chunghwa Telecom (NYSE:CHT) shares were up 0.79% on Wednesday morning to hit a new 52-week high of $37.86.

shares were up 0.79% on Wednesday morning to hit a new 52-week high of $37.86. Square (NYSE:SQ) shares broke to $91.99 on Wednesday, setting a new 52-week high with a change of up 2.91%.

shares broke to $91.99 on Wednesday, setting a new 52-week high with a change of up 2.91%. eBay (NASDAQ:EBAY) shares hit a new 52-week high of $46.72. The stock traded up 1.28% on the session.

shares hit a new 52-week high of $46.72. The stock traded up 1.28% on the session. Agilent Technologies (NYSE:A) stock made a new 52-week high of $91.02 Wednesday. The stock was up 0.41% for the day.

stock made a new 52-week high of $91.02 Wednesday. The stock was up 0.41% for the day. Sea (NYSE:SE) shares broke to a new 52-week high of $87.70 on Wednesday. Shares of the company traded up 0.69%.

shares broke to a new 52-week high of $87.70 on Wednesday. Shares of the company traded up 0.69%. Verisk Analytics (NASDAQ:VRSK) shares hit $173.77 on Wednesday morning, setting a new 52-week high for a change of up 1.26%.

shares hit $173.77 on Wednesday morning, setting a new 52-week high for a change of up 1.26%. Lululemon Athletica (NASDAQ:LULU) shares set a new 52-week high of $318.82 on Wednesday, moving up 1.56%.

shares set a new 52-week high of $318.82 on Wednesday, moving up 1.56%. Synopsys (NASDAQ:SNPS) shares hit $184.15 on Wednesday morning, setting a new 52-week high for a change of down 0.26%.

shares hit $184.15 on Wednesday morning, setting a new 52-week high for a change of down 0.26%. IDEXX Laboratories (NASDAQ:IDXX) shares set a new 52-week high of $318.07 on Wednesday, moving up 0.02%.

shares set a new 52-week high of $318.07 on Wednesday, moving up 0.02%. Otis Worldwide (NYSE:OTIS) shares hit a new 52-week high of $55.52. The stock traded up 2.37% on the session.

shares hit a new 52-week high of $55.52. The stock traded up 2.37% on the session. Marvell Technology Group (NASDAQ:MRVL) shares were up 3.02% for the day, having made a 52-week high of $35.99.

shares were up 3.02% for the day, having made a 52-week high of $35.99. IAC/InterActiveCorp (NASDAQ:IAC) shares hit a yearly high of $285.18. The stock traded up 0.95% on the session.

shares hit a yearly high of $285.18. The stock traded up 0.95% on the session. Cadence Design Systems (NASDAQ:CDNS) shares set a new yearly high of $93.11 this morning. The stock was up 0.09% on the session.

shares set a new yearly high of $93.11 this morning. The stock was up 0.09% on the session. AmerisourceBergen (NYSE:ABC) shares hit a new 52-week high of $99.61. The stock traded up 0.33% on the session.

shares hit a new 52-week high of $99.61. The stock traded up 0.33% on the session. Nasdaq (NASDAQ:NDAQ) shares broke to $120.72 on Wednesday, setting a new 52-week high with a change of up 0.23%.

shares broke to $120.72 on Wednesday, setting a new 52-week high with a change of up 0.23%. Fastenal (NASDAQ:FAST) shares were up 0.84% for the day, having made a 52-week high of $41.58.

shares were up 0.84% for the day, having made a 52-week high of $41.58. Rockwell Automation (NYSE:ROK) stock hit a yearly high price of $221.94. The stock was up 1.47% for the day.

stock hit a yearly high price of $221.94. The stock was up 1.47% for the day. Chewy (NYSE:CHWY) shares were down 1.6% on Wednesday to hit a new 52-week high of $49.70 for a change of down 1.6%.

shares were down 1.6% on Wednesday to hit a new 52-week high of $49.70 for a change of down 1.6%. Carrier Global (NYSE:CARR) shares were up 2.9% on Wednesday morning to hit a new 52-week high of $22.20.

shares were up 2.9% on Wednesday morning to hit a new 52-week high of $22.20. CrowdStrike Holdings (NASDAQ:CRWD) shares hit a new 52-week high of $103.80. The stock traded up 5.58% on the session.

shares hit a new 52-week high of $103.80. The stock traded up 5.58% on the session. Equifax (NYSE:EFX) shares were down 0.03% for the day, having made a 52-week high of $169.79.

shares were down 0.03% for the day, having made a 52-week high of $169.79. Trade Desk (NASDAQ:TTD) stock set a new 52-week high of $340.00 Wednesday morning. Over the session, the stock traded up 5.16%.

stock set a new 52-week high of $340.00 Wednesday morning. Over the session, the stock traded up 5.16%. Rollins (NYSE:ROL) shares broke to $43.63 on Wednesday, setting a new 52-week high with a change of up 1.2%.

shares broke to $43.63 on Wednesday, setting a new 52-week high with a change of up 1.2%. GoDaddy (NYSE:GDDY) shares hit a yearly high of $81.78. The stock traded up 1.39% on the session.

shares hit a yearly high of $81.78. The stock traded up 1.39% on the session. NICE (NASDAQ:NICE) shares reached a new 52-week high of $191.50 on Wednesday morning, moving up 0.8%.

shares reached a new 52-week high of $191.50 on Wednesday morning, moving up 0.8%. PerkinElmer (NYSE:PKI) shares broke to $104.57 on Wednesday, setting a new 52-week high with a change of up 2.05%.

shares broke to $104.57 on Wednesday, setting a new 52-week high with a change of up 2.05%. Zebra Technologies (NASDAQ:ZBRA) shares set a new 52-week high of $271.97 on Wednesday, moving up 2.8%.

shares set a new 52-week high of $271.97 on Wednesday, moving up 2.8%. Nordson (NASDAQ:NDSN) shares hit a new 52-week high of $191.17. The stock traded up 1.49% on the session.

shares hit a new 52-week high of $191.17. The stock traded up 1.49% on the session. Monolithic Power Systems (NASDAQ:MPWR) shares achieved a new 52-week high on Wednesday morning, hitting $226.64 with a daily change of up 2.86%.

shares achieved a new 52-week high on Wednesday morning, hitting $226.64 with a daily change of up 2.86%. Charles River (NYSE:CRL) shares were up 1.3% on Wednesday to hit a new 52-week high of $186.48 for a change of up 1.3%.

shares were up 1.3% on Wednesday to hit a new 52-week high of $186.48 for a change of up 1.3%. Ciena (NYSE:CIEN) shares hit a yearly high of $57.00. The stock traded up 2.1% on the session.

shares hit a yearly high of $57.00. The stock traded up 2.1% on the session. Williams-Sonoma (NYSE:WSM) shares achieved a new 52-week high on Wednesday morning, hitting $87.33 with a daily change of down 0.61%.

shares achieved a new 52-week high on Wednesday morning, hitting $87.33 with a daily change of down 0.61%. Entegris (NASDAQ:ENTG) shares hit a new 52-week high of $62.89. The stock traded up 3.8% on the session.

shares hit a new 52-week high of $62.89. The stock traded up 3.8% on the session. United Microelectronics (NYSE:UMC) shares were up 9.33% for the day, having made a 52-week high of $2.94.

shares were up 9.33% for the day, having made a 52-week high of $2.94. Howmet Aerospace (NYSE:HWM) shares achieved a new 52-week high on Wednesday morning, hitting $14.93 with a daily change of up 5.65%.

shares achieved a new 52-week high on Wednesday morning, hitting $14.93 with a daily change of up 5.65%. New York Times (NYSE:NYT) shares hit a yearly high of $40.50. The stock traded up 0.85% on the session.

shares hit a yearly high of $40.50. The stock traded up 0.85% on the session. Deckers Outdoor (NYSE:DECK) shares were up 2.37% on Wednesday morning to hit a new 52-week high of $212.58.

shares were up 2.37% on Wednesday morning to hit a new 52-week high of $212.58. Globant (NYSE:GLOB) stock set a new 52-week high of $149.25 Wednesday morning. Over the session, the stock traded up 1.52%.

stock set a new 52-week high of $149.25 Wednesday morning. Over the session, the stock traded up 1.52%. Thor Industries (NYSE:THO) shares hit $94.96 on Wednesday morning, setting a new 52-week high for a change of up 4.95%.

shares hit $94.96 on Wednesday morning, setting a new 52-week high for a change of up 4.95%. AppFolio (NASDAQ:APPF) shares were up 2.03% on Wednesday morning to hit a new 52-week high of $171.99.

shares were up 2.03% on Wednesday morning to hit a new 52-week high of $171.99. Vertiv Holdings (NYSE:VRT) shares set a new yearly high of $13.94 this morning. The stock was up 3.11% on the session.

shares set a new yearly high of $13.94 this morning. The stock was up 3.11% on the session. II-VI (NASDAQ:IIVI) shares achieved a new 52-week high on Wednesday morning, hitting $48.87 with a daily change of up 2.67%.

shares achieved a new 52-week high on Wednesday morning, hitting $48.87 with a daily change of up 2.67%. Novanta (NASDAQ:NOVT) stock made a new 52-week high of $110.68 Wednesday. The stock was up 1.8% for the day.

stock made a new 52-week high of $110.68 Wednesday. The stock was up 1.8% for the day. Power Integrations (NASDAQ:POWI) shares hit a new 52-week high of $115.30. The stock traded up 3.24% on the session.

shares hit a new 52-week high of $115.30. The stock traded up 3.24% on the session. Lattice Semiconductor (NASDAQ:LSCC) shares hit $26.27 on Wednesday morning, setting a new 52-week high for a change of up 2.52%.

shares hit $26.27 on Wednesday morning, setting a new 52-week high for a change of up 2.52%. Arena Pharmaceuticals (NASDAQ:ARNA) shares hit $69.75 on Wednesday morning, setting a new 52-week high for a change of up 0.01%.

shares hit $69.75 on Wednesday morning, setting a new 52-week high for a change of up 0.01%. Vicor (NASDAQ:VICR) stock on Wednesday broke to a yearly high of $64.61. Shares traded up 4.85%.

stock on Wednesday broke to a yearly high of $64.61. Shares traded up 4.85%. Fastly (NYSE:FSLY) stock made a new 52-week high of $49.90 Wednesday. The stock was up 2.89% for the day.

stock made a new 52-week high of $49.90 Wednesday. The stock was up 2.89% for the day. MACOM Technology (NASDAQ:MTSI) stock made a new 52-week high of $33.78 Wednesday. The stock was up 5.5% for the day.

stock made a new 52-week high of $33.78 Wednesday. The stock was up 5.5% for the day. Goosehead Insurance (NASDAQ:GSHD) shares set a new yearly high of $66.93 this morning. The stock was up 6.79% on the session.

shares set a new yearly high of $66.93 this morning. The stock was up 6.79% on the session. Acushnet Holdings (NYSE:GOLF) shares set a new yearly high of $35.58 this morning. The stock was up 1.4% on the session.

shares set a new yearly high of $35.58 this morning. The stock was up 1.4% on the session. Turning Point (NASDAQ:TPTX) shares were up 1.21% on Wednesday morning to hit a new 52-week high of $72.00.

shares were up 1.21% on Wednesday morning to hit a new 52-week high of $72.00. APi Gr (NYSE:APG) shares were up 2.37% on Wednesday to hit a new 52-week high of $12.11 for a change of up 2.37%.

shares were up 2.37% on Wednesday to hit a new 52-week high of $12.11 for a change of up 2.37%. Palomar Hldgs (NASDAQ:PLMR) shares set a new yearly high of $79.32 this morning. The stock was up 0.51% on the session.

shares set a new yearly high of $79.32 this morning. The stock was up 0.51% on the session. Futu Holdings (NASDAQ:FUTU) stock made a new 52-week high of $20.13 Wednesday. The stock was up 5.17% for the day.

stock made a new 52-week high of $20.13 Wednesday. The stock was up 5.17% for the day. Fiverr International (NYSE:FVRR) shares hit a new 52-week high of $73.12. The stock traded up 3.99% on the session.

shares hit a new 52-week high of $73.12. The stock traded up 3.99% on the session. B&G Foods (NYSE:BGS) shares were down 0.96% on Wednesday morning to hit a new 52-week high of $25.27.

shares were down 0.96% on Wednesday morning to hit a new 52-week high of $25.27. AeroVironment (NASDAQ:AVAV) stock hit a yearly high price of $74.23. The stock was up 2.25% for the day.

stock hit a yearly high price of $74.23. The stock was up 2.25% for the day. Compugen (NASDAQ:CGEN) shares reached a new 52-week high of $17.85 on Wednesday morning, moving up 2.86%.

shares reached a new 52-week high of $17.85 on Wednesday morning, moving up 2.86%. EverQuote (NASDAQ:EVER) shares broke to $59.50 on Wednesday, setting a new 52-week high with a change of up 0.22%.

shares broke to $59.50 on Wednesday, setting a new 52-week high with a change of up 0.22%. Intellia Therapeutics (NASDAQ:NTLA) stock on Wednesday broke to a yearly high of $22.96. Shares traded up 10.71%.

stock on Wednesday broke to a yearly high of $22.96. Shares traded up 10.71%. Phathom Pharmaceuticals (NASDAQ:PHAT) shares reached a new 52-week high of $50.24 on Wednesday morning, moving down 0.89%.

shares reached a new 52-week high of $50.24 on Wednesday morning, moving down 0.89%. Freedom Holding (NASDAQ:FRHC) shares set a new 52-week high of $17.80 on Wednesday, moving up 1.21%.

shares set a new 52-week high of $17.80 on Wednesday, moving up 1.21%. Camping World Holdings (NYSE:CWH) shares were up 4.36% for the day, having made a 52-week high of $24.25.

shares were up 4.36% for the day, having made a 52-week high of $24.25. BlackRock Science (NYSE:BST) shares reached a new 52-week high of $36.48 on Wednesday morning, moving up 0.72%.

shares reached a new 52-week high of $36.48 on Wednesday morning, moving up 0.72%. Cerence (NASDAQ:CRNC) shares hit a new 52-week high of $38.62. The stock traded up 4.98% on the session.

shares hit a new 52-week high of $38.62. The stock traded up 4.98% on the session. AudioCodes (NASDAQ:AUDC) shares were up 3.99% for the day, having made a 52-week high of $39.66.

shares were up 3.99% for the day, having made a 52-week high of $39.66. OneSpan (NASDAQ:OSPN) shares broke to a new 52-week high of $22.74 on Wednesday. Shares of the company traded up 2.17%.

shares broke to a new 52-week high of $22.74 on Wednesday. Shares of the company traded up 2.17%. Calix (NYSE:CALX) shares broke to a new 52-week high of $14.88 on Wednesday. Shares of the company traded up 4.26%.

shares broke to a new 52-week high of $14.88 on Wednesday. Shares of the company traded up 4.26%. Kala Pharmaceuticals (NASDAQ:KALA) shares broke to $14.67 on Wednesday, setting a new 52-week high with a change of up 1.52%.

shares broke to $14.67 on Wednesday, setting a new 52-week high with a change of up 1.52%. Tekla World Healthcare (NYSE:THW) shares were up 0.48% on Wednesday to hit a new 52-week high of $14.65 for a change of up 0.48%.

shares were up 0.48% on Wednesday to hit a new 52-week high of $14.65 for a change of up 0.48%. ChannelAdvisor (NYSE:ECOM) stock on Wednesday broke to a yearly high of $14.50. Shares traded up 2.49%.

stock on Wednesday broke to a yearly high of $14.50. Shares traded up 2.49%. Valhi (NYSE:VHI) shares broke to a new 52-week high of $11.48 on Wednesday. Shares of the company traded up 4.62%.

shares broke to a new 52-week high of $11.48 on Wednesday. Shares of the company traded up 4.62%. Laredo Petroleum (NYSE:LPI) shares hit a new 52-week high of $21.47.

shares hit a new 52-week high of $21.47. Mastech Digital (AMEX:MHH) shares hit a new 52-week high of $19.96. The stock traded up 1.89% on the session.

shares hit a new 52-week high of $19.96. The stock traded up 1.89% on the session. Genius Brands Intl (NASDAQ:GNUS) shares were up 63.93% for the day, having made a 52-week high of $7.79.

shares were up 63.93% for the day, having made a 52-week high of $7.79. Protara Therapeutics (NASDAQ:TARA) shares hit a yearly high of $67.08. The stock traded up 5.4% on the session.

shares hit a yearly high of $67.08. The stock traded up 5.4% on the session. Andina Acquisition (NASDAQ:ANDA) stock hit a yearly high price of $10.22. The stock was up 0.2% for the day.

stock hit a yearly high price of $10.22. The stock was up 0.2% for the day. ExOne (NASDAQ:XONE) stock set a new 52-week high of $9.55 Wednesday morning. Over the session, the stock traded up 1.82%.

stock set a new 52-week high of $9.55 Wednesday morning. Over the session, the stock traded up 1.82%. Gordon Pointe Acquisition (NASDAQ:GPAQ) stock made a new 52-week high of $11.40 Wednesday. The stock was up 4.59% for the day.

stock made a new 52-week high of $11.40 Wednesday. The stock was up 4.59% for the day. THL Credit Senior Loan (NYSE:FSLF) shares were up 1.29% for the day, having made a 52-week high of $12.61.

shares were up 1.29% for the day, having made a 52-week high of $12.61. Delmar (NASDAQ:DBCP) shares hit $7.25 on Wednesday morning, setting a new 52-week high for a change of up 0.69%.

shares hit $7.25 on Wednesday morning, setting a new 52-week high for a change of up 0.69%. Atomera (NASDAQ:ATOM) shares broke to a new 52-week high of $9.46 on Wednesday. Shares of the company traded up 2.1%.

shares broke to a new 52-week high of $9.46 on Wednesday. Shares of the company traded up 2.1%. AudioEye (NASDAQ:AEYE) shares hit $10.01 on Wednesday morning, setting a new 52-week high for a change of up 4.17%.

shares hit $10.01 on Wednesday morning, setting a new 52-week high for a change of up 4.17%. Tortoise Pipeline (NYSE:TTP) shares hit a new 52-week high of $17.15. The stock traded up 1.01% on the session.

shares hit a new 52-week high of $17.15. The stock traded up 1.01% on the session. FSD Pharma (NASDAQ:HUGE) shares broke to $14.00 on Wednesday, setting a new 52-week high with a change of up 222.58%.

shares broke to $14.00 on Wednesday, setting a new 52-week high with a change of up 222.58%. Broadwind (NASDAQ:BWEN) stock set a new 52-week high of $3.31 Wednesday morning. Over the session, the stock traded up 3.16%.

stock set a new 52-week high of $3.31 Wednesday morning. Over the session, the stock traded up 3.16%. Tortoise Energy (NYSE:NDP) stock on Wednesday broke to a yearly high of $12.80. Shares traded up 1.75%.

stock on Wednesday broke to a yearly high of $12.80. Shares traded up 1.75%. Renren (NYSE:RENN) shares set a new 52-week high of $5.50 on Wednesday, moving down 2.88%.

shares set a new 52-week high of $5.50 on Wednesday, moving down 2.88%. Sphere 3D (NASDAQ:ANY) stock set a new 52-week high of $3.00 Wednesday morning. Over the session, the stock traded up 6.38%.



As other companies hit new 52-week highs, Benzinga will keep traders updated. Stay with us for further analysis on these and other companies."
2020-05-26 00:30:07 UTC,71 Biggest Movers From Friday,A,https://www.benzinga.com/news/20/05/16103463/71-biggest-movers-from-friday,Lisa Levin,"Gainers Inari Medical, Inc. (NASDAQ:NARI) shares surged 123.7% to close at $42.51 on Friday after pricing its IPO on Friday.

(NASDAQ:NARI) shares surged 123.7% to close at $42.51 on Friday after pricing its IPO on Friday. Navidea Biopharmaceuticals, Inc. (NYSE:NAVB) shares climbed 91.3% to close at $2.43 on Friday after the company announced positive preliminary results from the second interim analysis of its ongoing NAV3-31 Phase 2B study.

(NYSE:NAVB) shares climbed 91.3% to close at $2.43 on Friday after the company announced positive preliminary results from the second interim analysis of its ongoing NAV3-31 Phase 2B study. Sundial Growers Inc. (NASDAQ:SNDL) jumped 39.7% to close at $0.8451 after gaining over 9% on Thursday.

(NASDAQ:SNDL) jumped 39.7% to close at $0.8451 after gaining over 9% on Thursday. Renren Inc. (NYSE:RENN) jumped 38% to close at $4.21.

(NYSE:RENN) jumped 38% to close at $4.21. Celsion Corporation (NASDAQ:CLSN) gained 28.9% to close at $3.03 after jumping over 36% on Thursday.

(NASDAQ:CLSN) gained 28.9% to close at $3.03 after jumping over 36% on Thursday. Xeris Pharmaceuticals Inc (NASDAQ:XERS) climbed 28% to close at $5.80 after the company reported findings from outpatient portion of Phase 2 proof-of-concept study of its developmental ready-to-use glucagon in patients at risk of postprandial hypoglycemia following bariatric surgery.

(NASDAQ:XERS) climbed 28% to close at $5.80 after the company reported findings from outpatient portion of Phase 2 proof-of-concept study of its developmental ready-to-use glucagon in patients at risk of postprandial hypoglycemia following bariatric surgery. LiveRamp Holdings, Inc. (NYSE:RAMP) climbed 24.3% to close at $48.17 after reporting upbeat Q4 results.

(NYSE:RAMP) climbed 24.3% to close at $48.17 after reporting upbeat Q4 results. Village Farms International, Inc. (NASDAQ:VFF) rose 22.6% to close at $5.20.

(NASDAQ:VFF) rose 22.6% to close at $5.20. Bridgeline Digital, Inc. (NASDAQ:BLIN) gained 21.9% to close at $1.84.

(NASDAQ:BLIN) gained 21.9% to close at $1.84. Maxar Technologies Inc. (NYSE:MAXR) rose 21.5% to close at $12.15.

(NYSE:MAXR) rose 21.5% to close at $12.15. Ocular Therapeutix, Inc. (NASDAQ:OCUL) shares gained 19.1% to close at $7.22.

(NASDAQ:OCUL) shares gained 19.1% to close at $7.22. Hebron Technology Co., Ltd. (NASDAQ:HEBT) rose 18.8% to close at $16.28. Hebron announced entry into share purchase agreement for strategic acquisition.

(NASDAQ:HEBT) rose 18.8% to close at $16.28. Hebron announced entry into share purchase agreement for strategic acquisition. Zynerba Pharmaceuticals, Inc. (NASDAQ:ZYNE) gained 18.1% to close at $6.48.

(NASDAQ:ZYNE) gained 18.1% to close at $6.48. Axcella Health Inc. (NASDAQ:AXLA) gained 18.1% to close at $6.20.

(NASDAQ:AXLA) gained 18.1% to close at $6.20. BlueLinx Holdings Inc. (NYSE:BXC) rose 17.8% to close at $5.96.

(NYSE:BXC) rose 17.8% to close at $5.96. e.l.f. Beauty, Inc. (NYSE:ELF) climbed 16.8% to close at $16.86 after the company reported better-than-expected Q1 EPS and sales results.

(NYSE:ELF) climbed 16.8% to close at $16.86 after the company reported better-than-expected Q1 EPS and sales results. Spark Energy, Inc. (NASDAQ:SPKE) gained 16.7% to close at $8.45.

(NASDAQ:SPKE) gained 16.7% to close at $8.45. Evoke Pharma, Inc. (NASDAQ:EVOK) climbed 16.7% to close at $2.38.

(NASDAQ:EVOK) climbed 16.7% to close at $2.38. Digirad Corporation (NASDAQ:DRAD) shares rose 16.3% to close at $2.35 after declining around 16% on Thursday.

(NASDAQ:DRAD) shares rose 16.3% to close at $2.35 after declining around 16% on Thursday. BioLineRx Ltd. (NASDAQ:BLRX) rose 15.5% to close at $2.39.

(NASDAQ:BLRX) rose 15.5% to close at $2.39. Forescout Technologies, Inc. (NASDAQ:FSCT) climbed 15.2% to close at $23.40.

(NASDAQ:FSCT) climbed 15.2% to close at $23.40. Can-Fite BioPharma Ltd. (NYSE:CANF) rose 15.2% to close at $2.50.

(NYSE:CANF) rose 15.2% to close at $2.50. Ovid Therapeutics Inc. (NASDAQ:OVID) jumped 14.9% to close at $5.85.

(NASDAQ:OVID) jumped 14.9% to close at $5.85. Vuzix Corporation (NASDAQ:VUZI) gained 14.9% to close at $2.86 as traders circulate OneZero article 'Glasses equipped with facial recognition are coming' mentioning the company.

(NASDAQ:VUZI) gained 14.9% to close at $2.86 as traders circulate OneZero article 'Glasses equipped with facial recognition are coming' mentioning the company. Tetraphase Pharmaceuticals, Inc. (NASDAQ:TTPH) gained 14.8% to close at $2.64. Tetraphase Pharmaceuticals, which has been pursued by multiple companies, said its board has determined that the latest proposal from Melinta Therapeutics, Inc. is a ""Superior Offer."" Melinta has offered $27 million in cash, plus an additional $12.5 million in cash potentially payable under contingent value rights to be issued in the proposed acquisition.

(NASDAQ:TTPH) gained 14.8% to close at $2.64. Tetraphase Pharmaceuticals, which has been pursued by multiple companies, said its board has determined that the latest proposal from Melinta Therapeutics, Inc. is a ""Superior Offer."" Melinta has offered $27 million in cash, plus an additional $12.5 million in cash potentially payable under contingent value rights to be issued in the proposed acquisition. Altisource Portfolio Solutions S.A. (NYSE:ASPS) rose 14.8% to close at $12.42.

(NYSE:ASPS) rose 14.8% to close at $12.42. Pinduoduo Inc. (NASDAQ:PDD) jumped 14.5% to close at $68.70 after the company reported better-than-expected Q1 sales results.

(NASDAQ:PDD) jumped 14.5% to close at $68.70 after the company reported better-than-expected Q1 sales results. Vermillion, Inc. (NASDAQ:VRML) rose 14.4% to close at $2.70.

(NASDAQ:VRML) rose 14.4% to close at $2.70. Altimmune, Inc. (NASDAQ:ALT) surged 14.3% to close at $6.95.

(NASDAQ:ALT) surged 14.3% to close at $6.95. Core Molding Technologies, Inc. (NYSE:CMT) rose 13.9% to close at $3.76.

(NYSE:CMT) rose 13.9% to close at $3.76. Arconic Corporation (NYSE:ARNC) jumped 13.8% to close at $12.84.

(NYSE:ARNC) jumped 13.8% to close at $12.84. T2 Biosystems, Inc. (NASDAQ:TTOO) gained 12.8% to close at $0.7354. T2 Biosystems said it anticipates shipping first SARS-CoV-2 tests to the US customers as early as end of June.

(NASDAQ:TTOO) gained 12.8% to close at $0.7354. T2 Biosystems said it anticipates shipping first SARS-CoV-2 tests to the US customers as early as end of June. Splunk Inc. (NASDAQ:SPLK) climbed 12.7% to close at $184.26 after the company reported better-than-expected Q1 earnings.

(NASDAQ:SPLK) climbed 12.7% to close at $184.26 after the company reported better-than-expected Q1 earnings. Acacia Research Corporation (NASDAQ:ACTG) rose 12.1% to close at $2.60. Craig-Hallum initiated coverage on Acacia Research with a Buy rating and a price target of $4.

(NASDAQ:ACTG) rose 12.1% to close at $2.60. Craig-Hallum initiated coverage on Acacia Research with a Buy rating and a price target of $4. Tiziana Life Sciences PLC (NASDAQ:TLSA) rose 11.3% to close at $5.73 after the company announced plans to demerge its StemPrintER and SPARE genomics-based personalized medicine businesses into a separate company.

(NASDAQ:TLSA) rose 11.3% to close at $5.73 after the company announced plans to demerge its StemPrintER and SPARE genomics-based personalized medicine businesses into a separate company. Microbot Medical Inc. (NASDAQ:MBOT) rose 11% to close at $7.44.

(NASDAQ:MBOT) rose 11% to close at $7.44. Medigus Ltd. (NASDAQ:MDGS) gained 11% to close at $3.02 after ScoutCam, the company's subsidiary, announced it has achieved a breakthrough for its operating room-ready wireless endoscope.

(NASDAQ:MDGS) gained 11% to close at $3.02 after ScoutCam, the company's subsidiary, announced it has achieved a breakthrough for its operating room-ready wireless endoscope. Evolus, Inc. (NASDAQ:EOLS) rose 10.1% to close at $4.48.

(NASDAQ:EOLS) rose 10.1% to close at $4.48. Xenon Pharmaceuticals Inc. (NASDAQ:XENE) gained 7.4% to close at $14.90 following strong quarterly results.

(NASDAQ:XENE) gained 7.4% to close at $14.90 following strong quarterly results. Pluralsight, Inc. (NASDAQ:PS) rose 6.4% to close at $21.59 after Piper Sandler initiated coverage on the stock with an Overweight rating and a $26 price target.

(NASDAQ:PS) rose 6.4% to close at $21.59 after Piper Sandler initiated coverage on the stock with an Overweight rating and a $26 price target. Agilent Technologies Inc (NYSE:A) rose 5.2% to close at $84.98 after the company reported better-than-expected Q2 results.

Check out these big penny stock gainers and losers Losers Recon Technology, Ltd. (NASDAQ:RCON) shares tumbled 43.5% to close at $2.09 on Friday after the company reported pricing of approximately $2.1 million registered direct offering.

(NASDAQ:RCON) shares tumbled 43.5% to close at $2.09 on Friday after the company reported pricing of approximately $2.1 million registered direct offering. Luckin Coffee Inc. (NASDAQ:LK) shares dropped 30.9% to close at $1.39 after dropping 30% on Thursday.

(NASDAQ:LK) shares dropped 30.9% to close at $1.39 after dropping 30% on Thursday. SeaChange International, Inc. (NASDAQ:SEAC) dipped 27.2% to close at $1.77 after the company issued a business update in response to global impact of COVID-19.

(NASDAQ:SEAC) dipped 27.2% to close at $1.77 after the company issued a business update in response to global impact of COVID-19. Syndax Pharmaceuticals, Inc. (NASDAQ:SNDX) fell 22% to close at $16.00 after the company reported receipt of final results from Phase 3 E2112 trial of entinostat plus exemestane in patients with HR+, HER2- breast cancer. The trial did not achieve primary endpoint.

(NASDAQ:SNDX) fell 22% to close at $16.00 after the company reported receipt of final results from Phase 3 E2112 trial of entinostat plus exemestane in patients with HR+, HER2- breast cancer. The trial did not achieve primary endpoint. Gulf Resources, Inc. (NASDAQ:GURE) dropped 19.7% to close at $4.37. Gulf Resources reported a Q1 loss of $0.37 on Thursday.

(NASDAQ:GURE) dropped 19.7% to close at $4.37. Gulf Resources reported a Q1 loss of $0.37 on Thursday. Surface Oncology, Inc. (NASDAQ:SURF) fell 12.3% to close at $5.22.

(NASDAQ:SURF) fell 12.3% to close at $5.22. BiondVax Pharmaceuticals Ltd. (NASDAQ:BVXV) dipped 12.2% to close at $21.65.

(NASDAQ:BVXV) dipped 12.2% to close at $21.65. Intercept Pharmaceuticals, Inc. (NASDAQ:ICPT) dropped 12.2% to close at $80.51. Intercept has been notified by the FDA that AdCom meeting for obeticholic acid NDA has been postponed.

(NASDAQ:ICPT) dropped 12.2% to close at $80.51. Intercept has been notified by the FDA that AdCom meeting for obeticholic acid NDA has been postponed. 51job, Inc. (NASDAQ:JOBS) fell 12.1% to close at $57.05.

(NASDAQ:JOBS) fell 12.1% to close at $57.05. JOYY Inc. (NASDAQ:YY) dropped 12% to close at $55.83.

(NASDAQ:YY) dropped 12% to close at $55.83. Document Security Systems, Inc. (NYSE:DSS) dropped 11.9% to close at $7.45.

(NYSE:DSS) dropped 11.9% to close at $7.45. Yunji Inc. (NASDAQ:YJ) dipped 11.9% to close at $3.40. Yunji is expected to release Q1 results on June 3.

(NASDAQ:YJ) dipped 11.9% to close at $3.40. Yunji is expected to release Q1 results on June 3. PAVmed Inc. (NASDAQ:PAVM) tumbled 11.7% to close at $2.34 after reporting preliminary results for its first quarter.

(NASDAQ:PAVM) tumbled 11.7% to close at $2.34 after reporting preliminary results for its first quarter. Hoth Therapeutics, Inc. (NASDAQ:HOTH) fell 11.7% to close at $2.80 after the company priced underwritten public offering of 1.8 million shares at $2.75 per share.

(NASDAQ:HOTH) fell 11.7% to close at $2.80 after the company priced underwritten public offering of 1.8 million shares at $2.75 per share. CleanSpark, Inc. (NASDAQ:CLSK) tumbled 11.6% to close at $2.13.

(NASDAQ:CLSK) tumbled 11.6% to close at $2.13. Timber Pharmaceuticals, Inc. (NYSE:TMBR) fell 11.6% to close at $2.91.

(NYSE:TMBR) fell 11.6% to close at $2.91. Hewlett Packard Enterprise Co (NYSE:HPE) declined 11.5% to close at $9.17 after the company reported weaker-than-expected Q2 results.

(NYSE:HPE) declined 11.5% to close at $9.17 after the company reported weaker-than-expected Q2 results. Prudential plc (NYSE:PUK) dropped 11.4% to close at $24.26.

(NYSE:PUK) dropped 11.4% to close at $24.26. Nabors Industries Ltd. (NYSE:NBR) dropped 11.1% to close at $26.16.

(NYSE:NBR) dropped 11.1% to close at $26.16. Xtant Medical Holdings, Inc. (NASDAQ:XTNT) fell 10.9% to close at $1.55 after jumping 160% on Thursday.

(NASDAQ:XTNT) fell 10.9% to close at $1.55 after jumping 160% on Thursday. RPC, Inc. (NYSE:RES) shares fell 10.5% to close at $3.15.

(NYSE:RES) shares fell 10.5% to close at $3.15. America First Multifamily Investors, L.P. (NASDAQ:ATAX) shares declined 10.1% to close at $4.36.

(NASDAQ:ATAX) shares declined 10.1% to close at $4.36. AeroCentury Corp. (NYSE:ACY) dipped 9.9% to close at $3.11.

(NYSE:ACY) dipped 9.9% to close at $3.11. Dynavax Technologies Corporation (NASDAQ:DVAX) shares fell 9.4% to close at $5.13 after the company announced a proposed public offering of common stock.

(NASDAQ:DVAX) shares fell 9.4% to close at $5.13 after the company announced a proposed public offering of common stock. Foot Locker, Inc. (NYSE:FL) dropped 8.5% to close at $26.83 after the company reported worse-than-expected Q1 results and a 42.8% year-over-year decrease in comparable sales.

(NYSE:FL) dropped 8.5% to close at $26.83 after the company reported worse-than-expected Q1 results and a 42.8% year-over-year decrease in comparable sales. Aurora Cannabis Inc. (NYSE:ACB) fell 8% to close at $16.01. Aurora Cannabis shares jumped 37% on Thursday after the company announced plans to acquire CBD platform Reliva for $40 million in Aurora common shares.

(NYSE:ACB) fell 8% to close at $16.01. Aurora Cannabis shares jumped 37% on Thursday after the company announced plans to acquire CBD platform Reliva for $40 million in Aurora common shares. Gogo Inc. (NASDAQ:GOGO) declined 8% to close at $2.21.

(NASDAQ:GOGO) declined 8% to close at $2.21. GDS Holdings Limited (NASDAQ:GDS) fell 7.8% to close at $54.95 after declining over 5% on Thursday.

(NASDAQ:GDS) fell 7.8% to close at $54.95 after declining over 5% on Thursday. Buckle Inc (NYSE:BKE) dropped 6.5% to close at $14.72 following Q1 results.

(NYSE:BKE) dropped 6.5% to close at $14.72 following Q1 results. Geron Corporation (NASDAQ:GERN) fell 6.1% to close at $1.84 after the company reported pricing of public offering of common stock and warrants. Loading... Loading...

 2025 Benzinga.com. Benzinga does not provide investment advice. All rights reserved."
2020-05-22 08:45:06 UTC,46 Stocks Moving In Friday's Mid-Day Session,A,https://www.benzinga.com/news/20/05/16095921/46-stocks-moving-in-fridays-mid-day-session,Lisa Levin,"Gainers Navidea Biopharmaceuticals, Inc. (NYSE:NAVB) shares jumped 98.40% to $2.5201 after the company announced positive preliminary results from the second interim analysis of its ongoing NAV3-31 Phase 2B study.

(NYSE:NAVB) shares jumped 98.40% to $2.5201 after the company announced positive preliminary results from the second interim analysis of its ongoing NAV3-31 Phase 2B study. Sundial Growers Inc. (NASDAQ:SNDL) rose 80.2% to $1.09 after gaining over 9% on Thursday.

(NASDAQ:SNDL) rose 80.2% to $1.09 after gaining over 9% on Thursday. Celsion Corporation (NASDAQ:CLSN) rose 34.5% to $3.1597 after jumping over 36% on Thursday.

(NASDAQ:CLSN) rose 34.5% to $3.1597 after jumping over 36% on Thursday. Evolus, Inc. (NASDAQ:EOLS) gained 32.3% to $5.38.

(NASDAQ:EOLS) gained 32.3% to $5.38. Vuzix Corporation (NASDAQ:VUZI) climbed 28.5% to $3.20 as traders circulate OneZero article 'Glasses equipped with facial recognition are coming' mentioning the company.

(NASDAQ:VUZI) climbed 28.5% to $3.20 as traders circulate OneZero article 'Glasses equipped with facial recognition are coming' mentioning the company. Renren Inc. (NYSE:RENN) gained 27% to $3.88.

(NYSE:RENN) gained 27% to $3.88. Tetraphase Pharmaceuticals, Inc. (NASDAQ:TTPH) rose 21.3% to $2.79. Tetraphase Pharmaceuticals, which has been pursued by multiple companies, said its board has determined that the latest proposal from Melinta Therapeutics, Inc. is a ""Superior Offer."" Melinta has offered $27 million in cash, plus an additional $12.5 million in cash potentially payable under contingent value rights to be issued in the proposed acquisition.

(NASDAQ:TTPH) rose 21.3% to $2.79. Tetraphase Pharmaceuticals, which has been pursued by multiple companies, said its board has determined that the latest proposal from Melinta Therapeutics, Inc. is a ""Superior Offer."" Melinta has offered $27 million in cash, plus an additional $12.5 million in cash potentially payable under contingent value rights to be issued in the proposed acquisition. LiveRamp Holdings, Inc. (NYSE:RAMP) gained 21.2% to $46.96 after reporting upbeat Q4 results.

(NYSE:RAMP) gained 21.2% to $46.96 after reporting upbeat Q4 results. Xenon Pharmaceuticals Inc. (NASDAQ:XENE) rose 20.1% to $16.66 following strong quarterly results.

(NASDAQ:XENE) rose 20.1% to $16.66 following strong quarterly results. Digirad Corporation (NASDAQ:DRAD) shares climbed 17.8% to $2.38 after declining around 16% on Thursday.

(NASDAQ:DRAD) shares climbed 17.8% to $2.38 after declining around 16% on Thursday. Microbot Medical Inc. (NASDAQ:MBOT) rose 17.1% to $7.85.

(NASDAQ:MBOT) rose 17.1% to $7.85. Xeris Pharmaceuticals Inc (NASDAQ:XERS) gained 15.6% to $5.25 after the company reported findings from outpatient portion of Phase 2 proof-of-concept study of its developmental ready-to-use glucagon in patients at risk of postprandial hypoglycemia following bariatric surgery.

(NASDAQ:XERS) gained 15.6% to $5.25 after the company reported findings from outpatient portion of Phase 2 proof-of-concept study of its developmental ready-to-use glucagon in patients at risk of postprandial hypoglycemia following bariatric surgery. BioLineRx Ltd. (NASDAQ:BLRX) gained 13.5% to $2.35.

(NASDAQ:BLRX) gained 13.5% to $2.35. Bridgeline Digital, Inc. (NASDAQ:BLIN) rose 13.3% to $1.71.

(NASDAQ:BLIN) rose 13.3% to $1.71. T2 Biosystems, Inc. (NASDAQ:TTOO) rose 12.5% to $0.7342. T2 Biosystems said it anticipates shipping first SARS-CoV-2 tests to the US customers as early as end of June.

(NASDAQ:TTOO) rose 12.5% to $0.7342. T2 Biosystems said it anticipates shipping first SARS-CoV-2 tests to the US customers as early as end of June. Tiziana Life Sciences PLC (NASDAQ:TLSA) climbed 12.4% to $5.79 after the company announced plans to demerge its StemPrintER and SPARE genomics-based personalized medicine businesses into a separate company.

(NASDAQ:TLSA) climbed 12.4% to $5.79 after the company announced plans to demerge its StemPrintER and SPARE genomics-based personalized medicine businesses into a separate company. Acacia Research Corporation (NASDAQ:ACTG) gained 10.3% to $2.56. Craig-Hallum initiated coverage on Acacia Research with a Buy rating and a price target of $4.

(NASDAQ:ACTG) gained 10.3% to $2.56. Craig-Hallum initiated coverage on Acacia Research with a Buy rating and a price target of $4. Splunk Inc. (NASDAQ:SPLK) climbed 10.2% to $180.10 after the company reported better-than-expected Q1 earnings.

(NASDAQ:SPLK) climbed 10.2% to $180.10 after the company reported better-than-expected Q1 earnings. e.l.f. Beauty, Inc. (NYSE:ELF) gained 10% to $15.87 after the company reported better-than-expected Q1 EPS and sales results.

(NYSE:ELF) gained 10% to $15.87 after the company reported better-than-expected Q1 EPS and sales results. Pluralsight, Inc. (NASDAQ:PS) rose 9.1% to $22.14 after Piper Sandler initiated coverage on the stock with an Overweight rating and a $26 price target.

(NASDAQ:PS) rose 9.1% to $22.14 after Piper Sandler initiated coverage on the stock with an Overweight rating and a $26 price target. Agilent Technologies Inc (NYSE:A) rose 6.5% to $86.00 after the company reported better-than-expected Q2 results.

(NYSE:A) rose 6.5% to $86.00 after the company reported better-than-expected Q2 results. Medigus Ltd. (NASDAQ:MDGS) gained 6% to $2.88 after ScoutCam, the company's subsidiary, announced it has achieved a breakthrough for its operating room-ready wireless endoscope.

Check out these big penny stock gainers and losers Losers Recon Technology, Ltd. (NASDAQ:RCON) shares dipped 45.1% to $2.03 after the company reported pricing of approximately $2.1 million registered direct offering.

(NASDAQ:RCON) shares dipped 45.1% to $2.03 after the company reported pricing of approximately $2.1 million registered direct offering. Luckin Coffee Inc. (NASDAQ:LK) fell 29.4% to $1.42 after dropping 30% on Thursday.

(NASDAQ:LK) fell 29.4% to $1.42 after dropping 30% on Thursday. Syndax Pharmaceuticals, Inc. (NASDAQ:SNDX) fell 22.3% to $15.9 after the company reported receipt of final results from Phase 3 E2112 trial of entinostat plus exemestane in patients with HR+, HER2- breast cancer. The trial did not achieve primary endpoint.

(NASDAQ:SNDX) fell 22.3% to $15.9 after the company reported receipt of final results from Phase 3 E2112 trial of entinostat plus exemestane in patients with HR+, HER2- breast cancer. The trial did not achieve primary endpoint. SeaChange International, Inc. (NASDAQ:SEAC) dipped 22.2% to $1.89 after the company issued a business update in response to global impact of COVID-19.

(NASDAQ:SEAC) dipped 22.2% to $1.89 after the company issued a business update in response to global impact of COVID-19. Gulf Resources, Inc. (NASDAQ:GURE) dropped 21.7% to $4.26. Gulf Resources reported a Q1 loss of $0.37 on Thursday.

(NASDAQ:GURE) dropped 21.7% to $4.26. Gulf Resources reported a Q1 loss of $0.37 on Thursday. Geron Corporation (NASDAQ:GERN) fell 20.5% to $1.5576 after the company reported pricing of public offering of common stock and warrants.

(NASDAQ:GERN) fell 20.5% to $1.5576 after the company reported pricing of public offering of common stock and warrants. Intercept Pharmaceuticals, Inc. (NASDAQ:ICPT) dropped 16.3% to $76.71. Intercept has been notified by the FDA that AdCom meeting for obeticholic acid NDA has been postponed.

(NASDAQ:ICPT) dropped 16.3% to $76.71. Intercept has been notified by the FDA that AdCom meeting for obeticholic acid NDA has been postponed. AeroCentury Corp. (NYSE:ACY) dipped 13.3% to $2.99.

(NYSE:ACY) dipped 13.3% to $2.99. Document Security Systems, Inc. (NYSE:DSS) dropped 13.2% to $7.34.

(NYSE:DSS) dropped 13.2% to $7.34. Hewlett Packard Enterprise Co (NYSE:HPE) fell 12.4% to $9.09 after the company reported weaker-than-expected Q2 results.

(NYSE:HPE) fell 12.4% to $9.09 after the company reported weaker-than-expected Q2 results. PAVmed Inc. (NASDAQ:PAVM) tumbled 12.1% to $2.3301 after reporting preliminary results for its first quarter.

(NASDAQ:PAVM) tumbled 12.1% to $2.3301 after reporting preliminary results for its first quarter. Nabors Industries Ltd. (NYSE:NBR) dropped 11.8% to $25.94.

(NYSE:NBR) dropped 11.8% to $25.94. Youdao, Inc. (NYSE:DAO) fell 11.7% to $21.25.

(NYSE:DAO) fell 11.7% to $21.25. Hoth Therapeutics, Inc. (NASDAQ:HOTH) fell 11.2% to $2.8150 after the company priced underwritten public offering of 1.8 million shares at $2.75 per share.

(NASDAQ:HOTH) fell 11.2% to $2.8150 after the company priced underwritten public offering of 1.8 million shares at $2.75 per share. Foot Locker, Inc. (NYSE:FL) slipped 10.9% to $26.12 after the company reported worse-than-expected Q1 results and a 42.8% year-over-year decrease in comparable sales.

(NYSE:FL) slipped 10.9% to $26.12 after the company reported worse-than-expected Q1 results and a 42.8% year-over-year decrease in comparable sales. CleanSpark, Inc. (NASDAQ:CLSK) tumbled 10.4% to $2.1598.

(NASDAQ:CLSK) tumbled 10.4% to $2.1598. Xtant Medical Holdings, Inc. (NASDAQ:XTNT) fell 9.8% to $1.57 after jumping 160% on Thursday.

(NASDAQ:XTNT) fell 9.8% to $1.57 after jumping 160% on Thursday. Prudential plc (NYSE:PUK) dropped 9.5% to $24.78.

(NYSE:PUK) dropped 9.5% to $24.78. Aurora Cannabis Inc. (NYSE:ACB) fell 9.4% to $15.77. Aurora Cannabis shares jumped 37% on Thursday after the company announced plans to acquire CBD platform Reliva for $40 million in Aurora common shares.

(NYSE:ACB) fell 9.4% to $15.77. Aurora Cannabis shares jumped 37% on Thursday after the company announced plans to acquire CBD platform Reliva for $40 million in Aurora common shares. Gogo Inc. (NASDAQ:GOGO) declined 8.8% to $2.19.

(NASDAQ:GOGO) declined 8.8% to $2.19. Buckle Inc (NYSE:BKE) fell 8.3% to $14.45 following Q1 results.

(NYSE:BKE) fell 8.3% to $14.45 following Q1 results. ContraFect Corp (NASDAQ:CFRX) fell 7.8% to $4.97 after the company announced a proposed public offering of common stock and warrants.

(NASDAQ:CFRX) fell 7.8% to $4.97 after the company announced a proposed public offering of common stock and warrants. GDS Holdings Limited (NASDAQ:GDS) fell 7.4% to $55.14 after declining over 5% on Thursday.

(NASDAQ:GDS) fell 7.4% to $55.14 after declining over 5% on Thursday. Dynavax Technologies Corporation (NASDAQ:DVAX) shares fell 6.2% to $5.31 after the company announced a proposed public offering of common stock. Loading... Loading...

 2025 Benzinga.com. Benzinga does not provide investment advice. All rights reserved."
2020-05-22 07:38:59 UTC,"B of A Securities Maintains Neutral on Agilent Technologies, Raises Price Target to $88",A,https://www.benzinga.com/news/20/05/16095304/b-of-a-securities-maintains-neutral-on-agilent-technologies-raises-price-target-to-88,Vick Meyer,"Never miss a trade again with the fastest news alerts in the world!

This headline only article is a sample of real-time intelligence Benzinga Pro traders use to win in the markets everyday.

Want the fastest, most accurate stock market intelligence? Want EXCLUSIVE stories originated by Benzinga reporters? Join 10,000+ serious traders in the Benzinga Pro community!"
2020-05-22 07:23:25 UTC,"CFRA Maintains Hold on Agilent Technologies, Lowers Price Target to $85",A,https://www.benzinga.com/news/20/05/16095163/cfra-maintains-hold-on-agilent-technologies-lowers-price-target-to-85,vishwanath@benzinga.com,"Never miss a trade again with the fastest news alerts in the world!

This headline only article is a sample of real-time intelligence Benzinga Pro traders use to win in the markets everyday.

Want the fastest, most accurate stock market intelligence? Want EXCLUSIVE stories originated by Benzinga reporters? Join 10,000+ serious traders in the Benzinga Pro community!"
2020-05-22 05:36:20 UTC,"UBS Maintains Neutral on Agilent Technologies, Raises Price Target to $87",A,https://www.benzinga.com/news/20/05/16094027/ubs-maintains-neutral-on-agilent-technologies-raises-price-target-to-87,vishwanath@benzinga.com,"Never miss a trade again with the fastest news alerts in the world!

This headline only article is a sample of real-time intelligence Benzinga Pro traders use to win in the markets everyday.

Want the fastest, most accurate stock market intelligence? Want EXCLUSIVE stories originated by Benzinga reporters? Join 10,000+ serious traders in the Benzinga Pro community!"
2020-05-22 05:07:04 UTC,Agilent Technologies shares are trading higher after the company reported better-than-expected Q2 EPS and sales results.,A,https://www.benzinga.com/wiim/20/05/16093805/agilent-technologies-shares-are-trading-higher-after-the-company-reported-better-than-expected-q2-ep,Benzinga Newsdesk,"Never miss a trade again with the fastest news alerts in the world!

This headline only article is a sample of real-time intelligence Benzinga Pro traders use to win in the markets everyday.

Want the fastest, most accurate stock market intelligence? Want EXCLUSIVE stories originated by Benzinga reporters? Join 10,000+ serious traders in the Benzinga Pro community!"
2020-05-22 04:37:59 UTC,"Wells Fargo Maintains Overweight on Agilent Technologies, Raises Price Target to $95",A,https://www.benzinga.com/news/20/05/16093505/wells-fargo-maintains-overweight-on-agilent-technologies-raises-price-target-to-95,vishwanath@benzinga.com,"Never miss a trade again with the fastest news alerts in the world!

This headline only article is a sample of real-time intelligence Benzinga Pro traders use to win in the markets everyday.

Want the fastest, most accurate stock market intelligence? Want EXCLUSIVE stories originated by Benzinga reporters? Join 10,000+ serious traders in the Benzinga Pro community!"
2020-05-22 04:06:17 UTC,10 Biggest Price Target Changes For Friday,A,https://www.benzinga.com/analyst-ratings/price-target/20/05/16093262/10-biggest-price-target-changes-for-friday,Lisa Levin,"Barclays boosted L Brands Inc (NYSE:LB) price target from $10 to $17. L Brands closed at $14.45 on Thursday.

(NYSE:LB) price target from $10 to $17. L Brands closed at $14.45 on Thursday. Stephens & Co. boosted Covenant Transportation Group, Inc. (NASDAQ:CVTI) price target from $10 to $15. Covenant Transportation closed at $10.51 on Thursday.

(NASDAQ:CVTI) price target from $10 to $15. Covenant Transportation closed at $10.51 on Thursday. Rosenblatt raised the price target on NVIDIA Corporation (NASDAQ:NVDA) from $340 to $400. NVIDIA closed at $351.01 on Thursday.

(NASDAQ:NVDA) from $340 to $400. NVIDIA closed at $351.01 on Thursday. Needham lifted the price target for Splunk Inc (NASDAQ:SPLK) from $168 to $192. Splunk closed at $163.45 on Thursday.

(NASDAQ:SPLK) from $168 to $192. Splunk closed at $163.45 on Thursday. B. Riley FBR lifted the price target for Madrigal Pharmaceuticals Inc (NASDAQ:MDGL) from $134 to $174. Madrigal Pharmaceuticals shares closed at $119.35 on Thursday.

(NASDAQ:MDGL) from $134 to $174. Madrigal Pharmaceuticals shares closed at $119.35 on Thursday. Stephens & Co. cut the price target for Roku Inc (NASDAQ:ROKU) from $155 to $105. Roku closed at $114.70 on Thursday.

(NASDAQ:ROKU) from $155 to $105. Roku closed at $114.70 on Thursday. Wedbush boosted the price target on Chuy's Holdings Inc (NASDAQ:CHUY) from $17 to $21. Chuy's shares closed at $16.20 on Thursday.

(NASDAQ:CHUY) from $17 to $21. Chuy's shares closed at $16.20 on Thursday. Stifel cut the price target for Huntington Ingalls Industries Inc (NYSE:HII) from $230 to $190. Huntington Ingalls shares closed at $181.50 on Thursday.

(NYSE:HII) from $230 to $190. Huntington Ingalls shares closed at $181.50 on Thursday. CFRA raised Ross Stores, Inc. (NASDAQ:ROST) price target from $100 to $105. Ross Stores shares closed at $96.87 on Thursday.

(NASDAQ:ROST) price target from $100 to $105. Ross Stores shares closed at $96.87 on Thursday. SVB Leerink boosted the price target for Agilent Technologies Inc (NYSE:A) from $90 to $95. Agilent closed at $80.75 on Thursday. Loading... Loading...

 2025 Benzinga.com. Benzinga does not provide investment advice. All rights reserved."
